319907.2715, 100821.7171, 0.639893
319906.9363, 100823.363, 0.2895
319906.4638, 100826.6548, 0.258989
319907.0856, 100830.1966, 0.420734
319905.4945, 100832.7021, 0.438778
319907.2593, 100834.3815, 0.478476
319906.7595, 100839.9137, 0.579198
319907.1405, 100841.0689, 0.429592
319905.3879, 100844.2906, 0.740615
319905.9487, 100846.6101, 1.710101
319907.3416, 100849.5636, 3.599861
319910.2464, 100799.9421, 0.320012
319910.0757, 100801.9111, 0.249802
319909.6063, 100806.7727, 0.271128
319909.2771, 100808.4979, 0.228477
319908.8413, 100808.8301, 0.228477
319908.9205, 100811.4239, 0.341338
319908.9388, 100813.3046, 0.320012
319910.0117, 100818.7727, 0.368897
319910.2068, 100818.9647, 0.368897
319907.4026, 100819.2695, 0.368897
319909.3929, 100824.8931, 0.341338
319910.1854, 100827.2065, 0.298687
319909.1704, 100830.0198, 0.350524
319907.6678, 100831.9553, 0.490615
319908.4023, 100837.1796, 0.478476
319910.0727, 100836.6066, 0.478476
319909.2314, 100837.9843, 0.5395
319909.5118, 100840.9195, 0.420734
319909.1796, 100846.0523, 0.64908
319909.0333, 100848.2225, 0.579198
319909.1186, 100847.2624, 0.579198
319909.6977, 100851.0023, 0.499802
319909.9263, 100852.9469, 0.548686
319913.203, 100785.458, -0.048754
319913.206, 100788.9175, 0.060826
319913.1908, 100789.2192, 0.008989
319913.267, 100794.3307, -0.100591
319912.2032, 100795.9126, 0.170734
319911.2492, 100799.8598, 0.158595
319912.8281, 100801.7435, 0.109711
319912.3068, 100805.4864, 0.091338
319912.6055, 100807.3823, 0.17992
319912.0447, 100813.0333, 0.280314
319912.8707, 100813.268, 0.341338
319911.5814, 100815.0175, 0.341338
319911.4991, 100815.2766, 0.341338
319912.2611, 100818.7879, 0.271128
319913.206, 100820.3455, 0.280314
319912.0569, 100824.0061, 0.490615
319910.4506, 100827.4412, 0.258989
319910.4201, 100826.8408, 0.258989
319912.2703, 100830.0412, 0.411547
319911.7338, 100832.1412, 0.438778
319911.6241, 100837.0516, 0.508988
319910.3957, 100838.1733, 0.490615
319910.4994, 100841.0353, 0.39908
319913.2365, 100845.1197, 0.438778
319912.8738, 100847.1131, 0.521127
319912.7122, 100850.8621, 0.780313
319910.7402, 100852.8311, 0.560825
319912.4684, 100856.7082, 0.679591
319915.934, 100764.8992, 0.210432
319915.934, 100767.3376, 0.158595
319916.0559, 100769.1115, 0.131036
319914.9464, 100773.4732, 0.030315
319914.7696, 100773.7811, 0.030315
319914.5136, 100774.8083, 0.091338
319915.3701, 100778.7127, 0.170734
319916.2723, 100779.2065, 0.170734
319915.1506, 100783.0379, 0.008989
319914.1356, 100785.903, 0.091338
319914.4374, 100786.918, -0.118963
319914.4191, 100789.8685, 0.008989
319914.0777, 100791.874, 0.008989
319915.553, 100794.5685, -0.109777
319915.1537, 100796.4217, 0.060826
319914.5685, 100799.872, 0.060826
319915.489, 100804.1179, 0.109711
319915.4707, 100805.2091, 0.149409
319914.8093, 100808.9977, 0.158595
319916.251, 100810.793, 0.249802
319914.8672, 100813.4905, 0.228477
319914.2484, 100818.41, 0.420734
319914.4039, 100818.5929, 0.420734
319916.1991, 100820.2632, 0.310826
319916.2723, 100824.3749, 0.451245
319914.0198, 100828.1179, 0.341338
319913.7059, 100828.4227, 0.420734
319913.4559, 100833.2995, 0.478476
319913.7577, 100836.8748, 0.548686
319914.032, 100837.8197, 0.618896
319914.9007, 100842.3155, 0.46929
319914.1661, 100843.8639, 0.329198
319914.7574, 100847.4758, 0.521127
319913.3736, 100851.3711, 0.889893
319913.4041, 100852.5233, 0.64908
319915.492, 100857.6683, 0.771127
319915.111, 100858.4029, 0.688778
319919.0003, 100756.0173, 0.201246
319918.7778, 100756.6421, 0.091338
319918.9058, 100759.4158, 0.158595
319918.5492, 100759.7602, 0.158595
319918.8174, 100759.9035, 0.158595
319917.586, 100763.6434, 0.131036
319918.2962, 100766.0178, 0.188779
319918.3419, 100766.9261, 0.188779
319919.1405, 100767.0694, 0.188779
319919.0155, 100771.0379, -0.009055
319919.3112, 100771.4036, 0.000131
319917.3239, 100775.4636, 0.149409
319918.5766, 100778.4323, 0.118897
319919.299, 100781.4255, -0.048754
319917.4123, 100786.0767, -0.039567
319917.8725, 100787.2746, -0.118963
319919.3447, 100790.2495, 0.131036
319916.4491, 100794.3704, 0.131036
319916.3698, 100795.5621, 0.030315
319917.461, 100798.5278, 0.008989
319917.1471, 100803.1242, 0.100524
319917.3208, 100802.2464, 0.100524
319916.6167, 100804.2368, 0.131036
319919.0186, 100808.635, 0.131036
319919.2807, 100810.8113, 0.170734
319916.7813, 100814.5695, 0.249802
319918.4516, 100816.9073, 0.451245
319917.2995, 100820.1595, 0.390222
319916.4217, 100820.1352, 0.390222
319919.0368, 100824.1402, 0.411547
319918.351, 100826.2891, 0.310826
319917.8877, 100829.5626, 0.420734
319918.7442, 100829.206, 0.420734
319918.4272, 100833.4001, 0.35971
319919.299, 100834.4151, 0.548686
319918.1224, 100839.0968, 0.499802
319918.9942, 100842.8032, 0.46929
319918.6254, 100844.0071, 0.560825
319916.6167, 100846.3541, 0.700917
319918.7625, 100849.6795, 0.899079
319916.5741, 100852.5751, 0.850523
319916.6716, 100852.8372, 0.850523
319917.0404, 100857.7445, 0.789499
319917.65, 100859.683, 0.841337
319917.6866, 100861.7557, 0.829197
319921.7983, 100731.4778, 0.478476
319921.4813, 100732.4928, 0.2895
319920.8504, 100736.9337, 0.118897
319922.0025, 100737.9518, 0.118897
319921.4265, 100738.3023, 0.158595
319920.5761, 100743.3102, -0.240682
319921.588, 100746.346, 0.048687
319921.0851, 100747.7481, -0.219357
319920.9662, 100751.8964, -0.079265
319921.9416, 100755.3223, 0.091338
319920.8717, 100758.2972, 0.149409
319920.0092, 100761.0435, 0.140222
319921.7069, 100762.9911, 0.149409
319921.3137, 100763.2045, 0.149409
319922.3165, 100766.8011, 0.070013
319919.4605, 100769.4864, 0.070013
319922.161, 100772.5619, -0.009055
319922.0788, 100775.7806, 0.060826
319921.6124, 100778.7737, 0.021456
319920.3505, 100783.1232, 0.021456
319919.7257, 100783.5134, -0.060893
319920.0854, 100786.5705, -0.109777
319921.7983, 100791.999, 0.100524
319920.8199, 100792.3617, 0.140222
319919.6983, 100796.9154, 0.149409
319919.7226, 100799.1344, 0.118897
319922.3317, 100801.0181, 0.118897
319921.8532, 100798.9515, 0.118897
319920.3719, 100802.1854, 0.109711
319919.3935, 100802.0818, 0.109711
319921.902, 100806.5014, 0.158595
319919.616, 100809.9548, 0.158595
319919.5855, 100810.0463, 0.158595
319919.3874, 100810.5217, 0.109711
319921.1034, 100813.8806, 0.170734
319921.9477, 100816.6543, 0.320012
319919.9756, 100819.2939, 0.271128
319920.9205, 100824.4999, 0.298687
319921.4722, 100827.4595, 0.429592
319919.7653, 100829.1115, 0.249802
319921.2436, 100834.1773, 0.320012
319921.079, 100834.4029, 0.2895
319921.9507, 100838.728, 0.60971
319921.2436, 100842.2789, 0.508988
319919.7775, 100843.745, 0.478476
319921.2588, 100846.8296, 0.740615
319921.6429, 100852.0569, 1.048685
319920.3993, 100853.6358, 0.880707
319920.9449, 100853.8156, 0.880707
319919.683, 100855.7663, 0.950916
319921.902, 100859.0826, 1.030313
319919.7897, 100861.6185, 0.999801
319924.764, 100726.1346, 0.310826
319925.1146, 100728.0, 0.188779
319923.49, 100730.1031, 0.390222
319923.5936, 100734.2667, 0.350524
319923.0633, 100737.8573, 0.131036
319924.0417, 100739.2533, 0.118897
319923.8557, 100739.6404, 0.118897
319924.4318, 100743.6028, -0.381102
319923.3559, 100745.7242, -0.310892
319922.603, 100749.6439, -0.219357
319922.7981, 100750.6559, -0.219357
319923.6972, 100754.3531, 0.039501
319924.0721, 100756.5385, 0.079199
319925.3157, 100758.8794, 0.079199
319923.237, 100759.3762, 0.091338
319923.3284, 100762.2383, 0.170734
319923.7064, 100765.585, 0.118897
319924.9439, 100769.9558, 0.060826
319925.0201, 100772.0071, -0.039567
319922.8133, 100774.3419, -0.048754
319923.9746, 100777.9812, 0.131036
319924.2581, 100777.7557, 0.131036
319924.8555, 100782.2972, 0.158595
319922.8682, 100785.7841, -0.009055
319924.3952, 100789.1308, 0.100524
319924.1727, 100789.2649, 0.091338
319922.478, 100793.2304, 0.149409
319924.2063, 100795.1781, 0.149409
319924.3556, 100795.2604, 0.149409
319924.5903, 100795.5438, 0.149409
319923.4595, 100801.1461, 0.131036
319924.8921, 100802.7889, 0.140222
319924.9957, 100804.3831, 0.109711
319924.4471, 100808.7356, 0.149409
319925.3279, 100810.5583, 0.149409
319925.2182, 100811.0369, 0.149409
319925.0597, 100814.1458, 0.219291
319925.3523, 100817.0292, 0.201246
319924.9652, 100819.4036, 0.249802
319924.7031, 100819.5103, 0.249802
319924.2733, 100823.0734, 0.341338
319922.7188, 100825.8105, 0.341338
319924.1209, 100828.7427, 0.411547
319925.2578, 100832.7813, 0.350524
319922.8926, 100836.7651, 0.341338
319922.9596, 100837.5758, 0.341338
319925.3188, 100843.175, 0.560825
319924.9347, 100845.3178, 0.508988
319924.6269, 100846.3236, 0.600523
319924.4013, 100849.7923, 0.810825
319923.9045, 100853.8735, 0.880707
319922.4811, 100857.2721, 1.039499
319923.0785, 100859.2319, 1.161218
319924.9865, 100861.2924, 1.219289
319928.1412, 100720.2886, -0.240682
319927.6109, 100723.9584, -0.118963
319928.2906, 100724.0407, -0.118963
319927.6718, 100726.2505, 0.008989
319928.1534, 100726.3084, 0.008989
319926.7392, 100730.1854, 0.219291
319927.8822, 100733.1969, 0.320012
319925.4346, 100732.2855, 0.320012
319926.0655, 100735.2756, 0.35971
319928.1961, 100737.2507, 0.35971
319928.315, 100741.0546, -0.140289
319927.9462, 100741.588, -0.219357
319926.5746, 100744.7061, -0.201312
319926.4313, 100748.5253, 0.048687
319926.7635, 100752.7498, -0.060893
319925.4529, 100753.9812, 0.048687
319925.5291, 100758.602, 0.060826
319926.3764, 100761.9152, 0.109711
319926.0625, 100762.6223, 0.210432
319927.7328, 100766.35, 0.158595
319927.9888, 100770.8946, -0.100591
319928.1016, 100771.9462, -0.060893
319927.1964, 100774.2718, 0.118897
319926.855, 100778.6884, 0.131036
319925.6632, 100778.0574, 0.131036
319927.0287, 100782.1204, 0.140222
319925.8644, 100784.1412, 0.158595
319925.7607, 100788.1402, 0.240944
319925.7059, 100790.9627, 0.070013
319925.8339, 100793.4346, 0.158595
319927.4371, 100796.9794, 0.149409
319928.062, 100800.3597, 0.140222
319927.1415, 100804.1971, 0.048687
319927.4341, 100804.5202, 0.079199
319926.8794, 100809.8634, 0.118897
319925.584, 100808.8514, 0.118897
319926.349, 100811.1649, 0.131036
319927.8639, 100813.9111, 0.158595
319925.8247, 100818.029, 0.188779
319925.7546, 100819.428, 0.188779
319926.1905, 100825.1766, 0.271128
319925.7851, 100825.4295, 0.298687
319927.7298, 100830.7117, 0.478476
319926.3277, 100832.6899, 0.329198
319927.3122, 100834.3358, 0.429592
319926.5075, 100840.1636, 0.310826
319926.6812, 100839.8771, 0.310826
319927.6444, 100841.6724, 0.310826
319925.5108, 100843.7084, 0.390222
319925.9497, 100846.7869, 0.570012
319925.462, 100849.6978, 0.798686
319925.8491, 100849.9538, 0.798686
319925.4377, 100853.779, 1.008987
319925.3675, 100855.5682, 1.091008
319926.7605, 100855.4006, 1.091008
319926.3185, 100855.4829, 1.091008
319927.3609, 100860.3018, 1.130706
319925.7181, 100862.9139, 1.210102
319929.0831, 100721.3036, -0.329265
319930.8905, 100723.3427, -0.35059
319931.2075, 100727.238, -0.179987
319930.921, 100730.155, 0.008989
319929.4549, 100732.3526, 0.170734
319930.2474, 100736.4247, 0.170734
319930.9393, 100739.5154, -0.179987
319928.7417, 100741.2101, -0.228543
319928.7874, 100744.5324, -0.100591
319929.6957, 100748.2693, 0.030315
319929.2263, 100748.8911, 0.030315
319929.0587, 100747.6078, 0.030315
319928.3698, 100750.5583, 0.030315
319929.1135, 100753.3808, 0.070013
319931.2746, 100756.4836, 0.100524
319930.1194, 100761.1562, 0.070013
319930.3815, 100762.2718, 0.070013
319931.0734, 100766.9749, 0.079199
319930.7534, 100770.7483, -0.079265
319928.6716, 100772.0163, 0.048687
319929.2416, 100774.5065, 0.118897
319931.0064, 100778.5146, 0.149409
319930.8631, 100780.0234, 0.149409
319930.9393, 100780.2428, 0.140222
319930.9881, 100784.7143, 0.131036
319930.3632, 100786.2352, 0.158595
319930.0706, 100790.5817, 0.17992
319931.3081, 100793.2822, 0.109711
319929.97, 100798.0005, 0.170734
319931.1008, 100799.9817, 0.131036
319930.3328, 100802.3378, 0.140222
319930.7747, 100805.7973, 0.170734
319928.7204, 100807.2238, 0.219291
319929.8816, 100811.0429, 0.118897
319931.3386, 100813.7069, 0.149409
319930.9728, 100816.4623, 0.210432
319928.3698, 100820.9794, 0.258989
319928.5771, 100819.8121, 0.258989
319929.4549, 100824.887, 0.298687
319928.4369, 100825.393, 0.420734
319930.6284, 100828.5294, 0.329198
319929.5738, 100832.3912, 0.341338
319930.4638, 100836.0854, 0.460104
319930.5705, 100835.6891, 0.460104
319928.8514, 100838.1915, 0.530313
319929.9243, 100841.0384, 0.341338
319929.0709, 100843.7054, 0.631035
319929.9335, 100847.2197, 0.789499
319928.5436, 100851.4991, 0.820011
319930.9454, 100853.3767, 1.030313
319931.2014, 100853.0323, 1.030313
319930.854, 100855.7968, 1.048685
319930.5827, 100858.4821, 1.188777
319930.2322, 100861.4966, 1.240614
319931.7287, 100724.7356, -0.329265
319933.6368, 100727.3569, -0.28038
319934.2555, 100731.1791, -0.228543
319934.3195, 100732.7, -0.118963
319933.6734, 100737.33, -0.170801
319932.698, 100738.2657, -0.188845
319932.8047, 100738.5675, -0.188845
319933.2131, 100744.1849, 0.079199
319931.9116, 100746.855, 0.008989
319933.0028, 100748.0102, 0.091338
319934.283, 100751.6343, 0.008989
319933.5301, 100753.5819, 0.091338
319931.7775, 100755.6119, 0.091338
319931.5855, 100757.0689, 0.109711
319931.747, 100759.4036, 0.170734
319934.347, 100765.0577, 0.2895
319932.6736, 100768.2002, 0.079199
319931.9817, 100770.2789, -0.048754
319933.0577, 100771.6353, 0.131036
319931.7135, 100776.317, 0.109711
319932.5487, 100777.8806, 0.091338
319931.4209, 100780.8128, 0.100524
319932.5365, 100784.7813, 0.140222
319931.4818, 100788.7346, 0.140222
319932.9906, 100791.9685, 0.17992
319932.4694, 100789.4996, 0.17992
319932.8961, 100794.7483, -0.009055
319932.6706, 100798.0158, 0.118897
319933.3655, 100800.2164, 0.131036
319933.8959, 100802.1854, 0.149409
319933.4448, 100805.8888, 0.170734
319933.4905, 100806.1387, 0.170734
319933.3777, 100809.2995, 0.109711
319933.4691, 100809.2995, 0.109711
319932.7346, 100813.1796, 0.070013
319932.7346, 100813.2985, -0.030381
319933.7648, 100818.858, 0.17992
319932.9114, 100820.8027, 0.228477
319932.6736, 100822.0005, 0.228477
319933.7099, 100824.0366, 0.228477
319933.2954, 100826.1001, 0.320012
319933.2893, 100825.902, 0.320012
319932.189, 100828.3526, 0.438778
319932.3627, 100830.6172, 0.438778
319934.155, 100831.8151, 0.271128
319933.841, 100836.9815, 0.298687
319933.9751, 100837.3442, 0.280314
319931.9147, 100841.6419, 0.390222
319933.7282, 100843.2512, 0.969289
319933.0668, 100848.9998, 0.950916
319932.7315, 100849.335, 0.911218
319931.933, 100854.8032, 0.999801
319933.3869, 100856.3272, 1.109381
319932.9022, 100858.4303, 1.2498
319933.0942, 100858.4333, 1.2498
319934.2342, 100861.4814, 1.469288
319936.4166, 100723.5835, -0.329265
319935.3254, 100728.6066, -0.35059
319936.4379, 100731.0054, -0.271194
319936.444, 100732.5355, -0.381102
319936.0447, 100734.9373, -0.381102
319935.4107, 100736.3668, -0.259055
319936.6787, 100739.0582, -0.289567
319935.426, 100744.0112, 0.091338
319936.8067, 100747.1537, 0.131036
319935.8314, 100749.9274, 0.070013
319935.0358, 100750.9454, -0.030381
319935.6698, 100753.7343, 0.109711
319935.1943, 100757.1572, 0.170734
319936.9286, 100759.3061, 0.201246
319936.761, 100759.8639, 0.201246
319936.6757, 100760.8027, 0.201246
319934.7066, 100762.601, 0.17992
319935.5906, 100767.9563, 0.170734
319936.8098, 100769.2274, 0.021456
319935.2736, 100771.4524, 0.170734
319935.8984, 100777.204, 0.228477
319935.5997, 100777.2192, 0.149409
319936.889, 100779.0998, 0.149409
319935.7826, 100781.4041, 0.118897
319937.2822, 100785.0069, 0.140222
319937.0902, 100786.985, 0.149409
319935.2766, 100790.9962, 0.188779
319934.5024, 100794.9251, 0.188779
319936.0904, 100796.2693, 0.008989
319934.5055, 100800.3444, 0.149409
319934.7188, 100801.969, 0.118897
319936.7305, 100805.584, 0.2895
319935.4656, 100809.5128, 0.000131
319936.9195, 100811.2075, -0.030381
319935.3863, 100813.2619, 0.048687
319936.0173, 100817.3828, 0.219291
319935.9136, 100820.8331, 0.2895
319934.6091, 100822.2108, 0.329198
319934.6792, 100827.7826, 0.350524
319936.4257, 100829.9406, 0.46929
319934.9596, 100831.4585, 0.2895
319935.3437, 100835.0155, 0.341338
319934.667, 100837.9264, 0.530313
319934.6731, 100838.0666, 0.530313
319936.2916, 100841.203, 0.329198
319937.2548, 100843.6383, 0.71929
319934.9932, 100847.872, 1.039499
319936.7336, 100851.1212, 1.200916
319934.4537, 100854.6934, 1.109381
319935.3985, 100856.9703, 1.17959
319936.5385, 100858.7778, 1.279984
319937.0231, 100861.5271, 1.298357
319938.4618, 100726.9972, -0.341404
319937.9314, 100729.5179, -0.320078
319937.6541, 100735.0348, -0.219357
319938.0351, 100734.8611, -0.219357
319937.9131, 100734.3582, -0.219357
319937.6632, 100736.7661, -0.240682
319937.5504, 100738.8143, -0.140289
319939.2512, 100741.8502, -0.219357
319940.318, 100747.1506, 0.030315
319940.2997, 100746.9708, 0.030315
319938.41, 100748.7783, -0.060893
319940.126, 100748.446, -0.060893
319939.1842, 100750.4029, 0.109711
319940.1504, 100751.8872, 0.109711
319937.9284, 100753.2314, 0.118897
319939.2817, 100757.9345, 0.17992
319937.7668, 100760.7112, 0.149409
319940.251, 100764.2713, 0.140222
319940.2784, 100766.1428, 0.109711
319937.9863, 100770.0869, 0.100524
319939.9248, 100773.8085, 0.210432
319939.9736, 100775.7897, 0.158595
319940.2693, 100777.2558, 0.109711
319938.1905, 100781.5322, 0.118897
319937.526, 100786.1621, 0.131036
319937.5565, 100787.3538, 0.17992
319939.3701, 100789.5819, 0.320012
319938.2301, 100789.4631, 0.320012
319939.5042, 100794.8946, 0.228477
319939.2634, 100797.4427, 0.170734
319937.9406, 100798.8418, 0.170734
319938.919, 100799.4179, 0.170734
319940.3119, 100803.0389, 0.258989
319939.0836, 100807.1994, 0.210432
319938.0747, 100809.0252, 0.091338
319939.0257, 100811.9909, -0.070079
319938.1722, 100813.5088, 0.158595
319939.044, 100816.441, 0.17992
319938.1052, 100822.0188, 0.368897
319937.7821, 100823.8933, 0.350524
319940.2693, 100826.6335, 0.350524
319939.5926, 100828.2825, 0.429592
319938.3399, 100831.6139, 0.451245
319938.2972, 100831.7816, 0.451245
319938.1448, 100835.4697, 0.390222
319938.4984, 100838.3775, 0.570012
319937.648, 100842.1631, 0.570012
319939.9279, 100844.6503, 0.780313
319939.7633, 100844.8301, 0.780313
319937.5017, 100846.3023, 0.960103
319938.1478, 100852.0752, 1.490285
319938.9921, 100852.3587, 1.231428
319937.4285, 100855.0135, 1.231428
319939.2268, 100857.0313, 1.149079
319939.3396, 100858.7138, 1.310496
319938.4435, 100862.8408, 1.289498
319941.5982, 100726.156, -0.219357
319940.6289, 100726.0523, -0.219357
319943.3355, 100726.3145, -0.298753
319942.0767, 100729.335, 0.030315
319941.6866, 100732.4684, 0.091338
319942.7381, 100737.906, 0.158595
319942.4394, 100739.6525, 0.070013
319940.8301, 100743.176, -0.170801
319942.8814, 100745.6724, -0.271194
319941.7658, 100747.3244, -0.158333
319942.0432, 100751.0186, 0.048687
319941.5006, 100753.7008, 0.060826
319942.8113, 100757.4224, 0.109711
319940.4491, 100761.205, 0.17992
319942.3876, 100764.3658, 0.228477
319940.6076, 100767.5692, 0.109711
319941.842, 100770.9099, -0.039567
319940.9063, 100773.6835, 0.060826
319941.775, 100775.7379, 0.100524
319942.4973, 100779.3102, 0.100524
319942.7016, 100782.0046, 0.131036
319942.4669, 100781.7211, 0.131036
319940.8301, 100785.8847, 0.17992
319940.4156, 100787.3599, 0.280314
319942.409, 100792.063, 0.298687
319941.7993, 100794.0015, 0.240944
319940.4156, 100797.2202, 0.17992
319942.4425, 100799.3234, 0.240944
319941.4092, 100803.1669, 0.298687
319941.4031, 100806.727, 0.109711
319942.3084, 100808.2723, 0.048687
319942.9058, 100812.0549, -0.060893
319941.9792, 100814.2495, 0.109711
319943.0856, 100814.0269, 0.109711
319940.7082, 100817.4986, 0.201246
319941.2477, 100816.2489, 0.201246
319941.6927, 100820.3363, 0.368897
319940.7478, 100824.2317, 0.329198
319940.7112, 100825.8319, 0.298687
319940.446, 100830.5685, 0.451245
319942.2962, 100833.0069, 0.560825
319940.9764, 100831.236, 0.560825
319943.0033, 100836.3505, 0.420734
319942.5309, 100838.9627, 0.368897
319940.827, 100841.6663, 0.341338
319943.2228, 100844.3546, 0.749801
319941.839, 100848.2042, 1.069683
319942.1133, 100849.9477, 1.310496
319941.8695, 100853.8034, 1.350194
319942.921, 100855.5225, 1.118567
319940.8148, 100860.9175, 1.35938
319941.269, 100861.2162, 1.389892
319944.1006, 100726.5583, -0.329265
319944.6523, 100730.2982, 0.158595
319944.2195, 100733.4803, 0.249802
319943.4361, 100737.397, 0.17992
319943.4178, 100740.3201, 0.149409
319945.6246, 100743.7155, -0.030381
319945.9995, 100745.7821, -0.219357
319946.097, 100747.2939, -0.131102
319946.2738, 100752.9083, -0.131102
319945.9172, 100753.332, 0.000131
319943.936, 100758.4313, 0.149409
319943.7318, 100759.3183, 0.131036
319944.6919, 100760.4826, 0.131036
319944.695, 100763.9147, 0.109711
319944.7407, 100766.6457, 0.149409
319946.2982, 100770.5319, -0.009055
319945.5575, 100771.3, 0.021456
319943.8385, 100775.4727, 0.158595
319943.5093, 100776.6371, 0.158595
319945.7983, 100778.0056, 0.140222
319943.552, 100780.7671, 0.158595
319943.9939, 100784.4552, 0.249802
319943.8019, 100787.5824, 0.210432
319943.9116, 100790.0574, 0.240944
319946.1702, 100790.2921, 0.240944
319944.6005, 100795.0988, 0.228477
319945.1461, 100795.3884, 0.201246
319945.3747, 100795.5195, 0.201246
319944.4176, 100798.9454, 0.219291
319944.6523, 100803.0389, 0.240944
319944.8108, 100803.1639, 0.240944
319944.8169, 100803.3223, 0.240944
319944.7742, 100803.5418, 0.240944
319946.3439, 100805.5169, 0.280314
319944.8443, 100804.8037, 0.280314
319944.6218, 100809.2995, 0.039501
319945.8532, 100812.3627, -0.100591
319945.2466, 100813.9721, 0.000131
319944.0793, 100816.8128, 0.158595
319946.1458, 100820.1565, 0.2895
319946.1915, 100821.6774, 0.2895
319944.4267, 100823.2411, 0.240944
319944.4023, 100823.3295, 0.240944
319945.6002, 100825.4204, 0.39908
319944.445, 100828.8128, 0.411547
319944.5639, 100833.2538, 0.368897
319945.1064, 100836.6736, 0.451245
319944.8138, 100839.4808, 0.478476
319945.5911, 100840.7336, 0.460104
319943.6373, 100843.4006, 0.820011
319944.0457, 100846.5888, 0.829197
319945.8837, 100849.9294, 1.210102
319944.2225, 100853.6541, 1.109381
319945.5514, 100855.6139, 1.118567
319944.5791, 100855.6993, 1.118567
319943.4087, 100859.4697, 1.328868
319944.1128, 100862.8225, 1.460102
319948.7336, 100727.7623, -0.271194
319948.191, 100729.7526, 0.030315
319948.8463, 100734.9159, 0.280314
319949.1633, 100736.3516, 0.271128
319948.0691, 100740.3353, 0.158595
319948.5568, 100744.1331, 0.070013
319946.8773, 100745.9558, -0.158333
319947.7369, 100749.0496, -0.228543
319946.5146, 100751.0003, -0.140289
319947.7399, 100755.1303, -0.179987
319949.1085, 100756.444, 0.039501
319948.8738, 100759.8304, 0.109711
319948.1514, 100763.1009, 0.158595
319948.3922, 100767.9838, 0.149409
319946.6914, 100769.7364, -0.091404
319948.4531, 100774.0371, 0.030315
319948.5842, 100776.4481, -0.030381
319947.0602, 100778.4445, 0.258989
319947.81, 100782.1661, 0.258989
319946.8682, 100783.553, 0.271128
319948.7793, 100788.5456, 0.310826
319947.0754, 100789.9172, 0.201246
319947.24, 100795.1994, 0.201246
319948.5812, 100797.6317, 0.140222
319948.9347, 100798.0097, 0.140222
319948.9591, 100798.9698, 0.131036
319948.1179, 100803.9167, 0.219291
319946.8499, 100801.3168, 0.219291
319947.9045, 100802.3927, 0.219291
319948.9926, 100805.6023, 0.188779
319948.6116, 100809.8451, 0.039501
319949.3005, 100811.7775, -0.131102
319947.4199, 100813.777, -0.091404
319947.5174, 100813.8288, -0.091404
319947.3711, 100818.5685, 0.091338
319947.6149, 100819.5408, 0.280314
319949.331, 100822.3602, 0.329198
319948.8524, 100824.7712, 0.329198
319949.3249, 100825.8105, 0.320012
319948.252, 100830.3124, 0.429592
319947.3071, 100831.2787, 0.429592
319946.4628, 100837.0851, 0.478476
319949.2792, 100839.0907, 0.411547
319947.6424, 100841.3767, 0.35971
319947.1029, 100843.7267, 0.868567
319948.9286, 100847.7989, 1.008987
319946.3988, 100849.5758, 0.868567
319949.2731, 100853.0536, 1.118567
319949.2243, 100856.7844, 1.188777
319949.1115, 100860.0427, 1.35938
319948.5415, 100862.4232, 1.460102
319949.7668, 100728.0396, -0.210499
319951.4737, 100729.4966, -0.210499
319951.9218, 100734.666, 0.131036
319949.9832, 100735.2329, 0.249802
319950.0534, 100737.647, 0.249802
319951.6322, 100738.9027, 0.188779
319949.4316, 100743.938, 0.17992
319949.5078, 100744.0965, 0.17992
319951.4707, 100746.41, 0.070013
319950.1966, 100749.141, -0.179987
319949.5504, 100751.4392, 0.021456
319949.3645, 100756.0264, -0.179987
319951.6444, 100756.694, -0.158333
319952.2693, 100756.3343, -0.158333
319950.602, 100761.0678, 0.131036
319949.7242, 100761.714, 0.131036
319951.9766, 100761.5311, 0.131036
319949.6358, 100760.952, 0.131036
319952.001, 100764.3109, 0.118897
319949.3706, 100768.0904, 0.100524
319951.9187, 100768.7427, -0.079265
319950.7818, 100774.2047, 0.060826
319951.3488, 100774.4242, 0.021456
319952.2571, 100779.3498, 0.091338
319950.5197, 100782.8428, 0.228477
319949.8247, 100784.4796, 0.350524
319952.1626, 100788.89, 0.201246
319950.6721, 100790.7646, 0.17992
319951.9096, 100794.7178, 0.228477
319950.2759, 100796.0407, 0.149409
319949.907, 100800.2835, 0.188779
319951.8456, 100798.6467, 0.188779
319950.3216, 100802.0026, 0.060826
319949.4163, 100805.9894, 0.210432
319950.1905, 100809.9304, 0.008989
319950.5258, 100811.4575, -0.149475
319949.8583, 100813.8075, 0.039501
319950.8458, 100819.044, 0.170734
319952.3546, 100820.9185, 0.188779
319951.0561, 100824.5791, 0.210432
319950.538, 100826.2098, 0.258989
319952.0711, 100828.5355, 0.350524
319949.4102, 100833.4336, 0.600523
319950.8275, 100836.7956, 0.5395
319949.9009, 100837.6825, 0.508988
319950.4283, 100840.441, 0.570012
319951.9919, 100843.8182, 0.71929
319949.5992, 100848.2896, 1.030313
319950.2728, 100849.969, 1.079197
319950.7148, 100854.8093, 1.161218
319951.3731, 100856.7783, 1.188777
319950.2637, 100859.8232, 1.350194
319950.6843, 100861.6886, 1.53917
319955.3112, 100731.0694, -0.249869
319955.0033, 100733.3858, 0.109711
319952.4521, 100737.7658, 0.350524
319953.8481, 100739.1588, 0.201246
319953.4458, 100743.0602, 0.228477
319954.5217, 100746.3886, 0.158595
319952.4613, 100748.9459, -0.079265
319952.4582, 100750.2261, -0.070079
319953.6835, 100756.127, 0.008989
319952.5771, 100755.999, 0.008989
319952.5344, 100756.7793, -0.219357
319953.9396, 100757.6327, -0.219357
319955.3477, 100759.6444, -0.188845
319954.8662, 100762.2291, 0.079199
319953.903, 100767.9441, -0.048754
319955.0155, 100767.8405, -0.048754
319952.507, 100768.9226, -0.039567
319953.7567, 100773.9518, 0.170734
319952.7783, 100775.5459, 0.118897
319952.3851, 100778.981, 0.100524
319955.2319, 100780.889, 0.158595
319955.3173, 100784.9002, 0.240944
319953.272, 100789.0059, 0.210432
319952.6563, 100788.7285, 0.210432
319955.3477, 100790.4019, 0.210432
319954.5857, 100794.2393, 0.201246
319955.1191, 100796.5497, 0.158595
319954.7381, 100800.2926, 0.170734
319952.5619, 100802.0087, 0.249802
319954.1499, 100806.3856, -0.039567
319955.2746, 100807.934, 0.039501
319955.2654, 100807.8517, 0.039501
319955.1069, 100811.5824, -0.140289
319953.4183, 100815.0937, 0.158595
319954.7534, 100813.6551, 0.158595
319955.0551, 100818.3825, 0.091338
319955.3325, 100820.4156, 0.170734
319953.1044, 100824.6614, 0.17992
319952.7447, 100826.4445, 0.368897
319952.6868, 100828.825, 0.381036
319955.2593, 100832.318, 0.438778
319954.1072, 100834.2992, 0.670405
319953.2903, 100839.0358, 0.679591
319953.586, 100838.0727, 0.679591
319952.3851, 100840.6421, 0.530313
319953.9274, 100844.7569, 0.618896
319954.1102, 100846.473, 0.859381
319955.0612, 100850.7067, 1.091008
319954.8753, 100854.1661, 0.990614
319954.9759, 100855.428, 1.118567
319953.2233, 100858.5797, 1.210102
319956.3566, 100731.3559, -0.310892
319955.7806, 100732.9774, -0.100591
319957.9538, 100737.6744, 0.249802
319958.2616, 100739.6495, 0.210432
319955.9939, 100741.3411, 0.298687
319956.2835, 100745.0079, 0.228477
319957.7587, 100749.7841, 0.188779
319956.637, 100749.8756, 0.188779
319956.3414, 100753.1796, 0.170734
319956.1555, 100753.6886, 0.079199
319955.4026, 100755.557, 0.079199
319956.5761, 100759.1263, 0.039501
319956.2408, 100760.7417, -0.170801
319958.0147, 100762.2291, -0.048754
319957.268, 100767.6576, -0.091404
319958.155, 100768.4623, -0.091404
319958.158, 100771.3518, 0.091338
319956.8595, 100776.2835, 0.131036
319955.7196, 100779.3345, 0.091338
319955.8842, 100778.9871, 0.091338
319955.9787, 100781.2609, 0.17992
319955.6129, 100785.775, 0.271128
319957.1552, 100786.4394, 0.249802
319955.7013, 100792.1758, 0.240944
319955.9909, 100794.6111, 0.170734
319957.2314, 100797.1044, 0.140222
319955.6708, 100798.409, 0.149409
319958.033, 100802.4567, 0.188779
319957.9995, 100806.5258, -0.100591
319957.969, 100808.8758, -0.131102
319958.1153, 100807.3396, -0.131102
319957.0424, 100811.7928, -0.131102
319956.0579, 100813.3655, 0.149409
319955.872, 100813.774, 0.149409
319957.905, 100814.7158, 0.149409
319955.7379, 100816.4623, 0.149409
319955.8903, 100820.507, 0.188779
319955.7104, 100820.6228, 0.188779
319957.1674, 100823.1771, 0.258989
319957.9385, 100828.0417, 0.298687
319957.585, 100828.316, 0.341338
319958.3561, 100832.6777, 0.438778
319957.78, 100834.7686, 0.64908
319958.2037, 100839.5266, 0.429592
319957.1095, 100842.3094, 0.688778
319956.4176, 100845.5189, 0.899079
319957.4874, 100848.5761, 0.679591
319958.0452, 100849.3046, 0.850523
319956.6279, 100852.7945, 0.950916
319958.2037, 100857.461, 1.139892
319956.1951, 100860.4176, 1.271126
319957.7191, 100861.4234, 1.551309
319960.3434, 100733.3127, -0.228543
319960.8281, 100735.5713, 0.008989
319959.3711, 100739.7775, 0.280314
319958.4902, 100740.3414, 0.280314
319960.9683, 100741.8136, 0.201246
319960.7153, 100744.4684, 0.219291
319959.2705, 100748.3759, 0.210432
319961.3005, 100751.5489, 0.210432
319961.3188, 100753.9904, 0.091338
319959.3772, 100759.0714, 0.021456
319959.3284, 100762.0402, -0.179987
319959.1456, 100762.3571, -0.179987
319959.0663, 100766.0178, 0.060826
319958.5085, 100768.7976, -0.030381
319961.0932, 100772.2906, 0.100524
319960.9378, 100771.9584, 0.100524
319960.5233, 100772.2815, 0.100524
319958.6243, 100775.9025, 0.091338
319960.9896, 100777.4692, 0.158595
319960.3861, 100781.3919, 0.17992
319961.3462, 100781.4864, 0.17992
319960.9012, 100785.3696, 0.021456
319960.7519, 100787.1984, 0.118897
319961.1816, 100787.9055, 0.118897
319961.3005, 100791.6973, 0.188779
319960.4684, 100794.2454, 0.219291
319959.4443, 100796.2601, 0.17992
319958.3683, 100799.1131, 0.170734
319960.9469, 100801.6642, 0.228477
319958.7706, 100807.0988, -0.118963
319958.5786, 100808.9855, -0.158333
319960.7884, 100810.223, -0.091404
319959.7734, 100814.9261, 0.091338
319960.0996, 100816.953, 0.149409
319960.1087, 100821.9944, 0.219291
319961.2548, 100824.0945, 0.219291
319960.5598, 100825.6216, 0.158595
319960.7183, 100828.7762, 0.390222
319959.1516, 100833.522, 0.46929
319959.2096, 100834.3419, 0.548686
319959.0511, 100839.6393, 0.859381
319959.2858, 100841.2944, 0.490615
319960.2672, 100841.2091, 0.490615
319958.7371, 100844.9368, 0.929591
319959.6241, 100846.9424, 0.740615
319960.8433, 100846.9911, 0.740615
319958.7493, 100850.9383, 0.899079
319958.7889, 100854.1387, 1.139892
319960.9957, 100857.8847, 1.091008
319960.5415, 100856.9063, 1.091008
319959.3833, 100859.3691, 1.219289
319960.7823, 100861.3015, 1.310496
319962.7056, 100734.4405, -0.320078
319964.0711, 100736.1412, -0.210499
319963.6993, 100739.8872, 0.228477
319962.41, 100742.3257, 0.219291
319961.8552, 100744.377, 0.258989
319964.1473, 100747.3945, 0.210432
319963.7267, 100751.1893, 0.17992
319962.9434, 100753.1461, 0.17992
319964.254, 100755.5875, 0.109711
319962.3734, 100758.7483, 0.021456
319963.7663, 100761.013, -0.170801
319961.7668, 100763.43, -0.131102
319963.4798, 100762.7473, -0.131102
319962.0777, 100763.4849, -0.131102
319963.2695, 100766.475, -0.048754
319963.6444, 100769.8431, -0.039567
319962.0991, 100771.8974, -0.091404
319964.0864, 100774.601, -0.060893
319963.111, 100777.9843, 0.091338
319963.3762, 100781.4102, 0.048687
319962.1692, 100785.6195, 0.060826
319961.5748, 100788.2317, 0.100524
319961.8339, 100791.9472, 0.201246
319961.9802, 100792.3404, 0.210432
319963.8852, 100793.7912, 0.210432
319962.8397, 100795.9736, 0.201246
319962.1539, 100799.4941, 0.048687
319962.602, 100799.6404, 0.048687
319963.8364, 100801.6917, 0.149409
319963.2756, 100806.7117, -0.079265
319963.8669, 100809.0739, -0.149475
319961.8369, 100812.3109, 0.100524
319961.7425, 100810.729, 0.100524
319961.4377, 100811.0125, 0.100524
319961.7851, 100814.8499, 0.201246
319962.9678, 100816.4897, 0.170734
319964.0285, 100822.028, 0.219291
319962.1174, 100823.8568, 0.310826
319962.9617, 100825.5301, 0.280314
319961.651, 100829.1694, 0.258989
319963.1141, 100831.6261, 0.591337
319963.7846, 100833.3056, 0.591337
319962.1661, 100836.9601, 0.438778
319962.9464, 100838.222, 0.820011
319962.3856, 100840.694, 0.390222
319961.779, 100843.5347, 0.731429
319963.9736, 100847.5916, 0.688778
319963.6657, 100849.2954, 0.960103
319964.1595, 100852.8768, 1.030313
319964.2022, 100853.9467, 1.030313
319963.9035, 100857.6226, 0.969289
319964.2906, 100859.6495, 0.938777
319963.3579, 100861.6642, 1.231428
319965.1806, 100736.059, -0.320078
319966.7808, 100738.6559, -0.170801
319967.363, 100743.3864, 0.188779
319966.3541, 100744.0112, 0.188779
319966.2169, 100746.1296, 0.17992
319965.4123, 100750.1468, 0.249802
319964.635, 100750.0432, 0.249802
319965.1958, 100752.9723, 0.140222
319964.4277, 100755.3833, 0.131036
319964.9185, 100753.5393, 0.131036
319964.9642, 100753.2192, 0.131036
319966.921, 100758.2728, -0.170801
319966.1682, 100759.7694, -0.201312
319965.1075, 100764.1433, -0.048754
319965.0343, 100766.1733, -0.109777
319964.8148, 100769.7516, 0.118897
319965.0282, 100771.9858, 0.100524
319966.2718, 100776.7468, -0.070079
319966.982, 100777.3472, -0.021523
319965.9243, 100780.8707, 0.109711
319966.2748, 100784.568, 0.008989
319967.0033, 100788.3384, 0.228477
319966.4973, 100791.9624, 0.170734
319967.177, 100793.6846, 0.131036
319965.9761, 100798.0859, 0.118897
319966.7839, 100798.8387, 0.131036
319965.7719, 100803.2736, 0.060826
319966.918, 100806.0229, -0.048754
319964.9977, 100809.1898, -0.201312
319967.3051, 100810.5095, 0.030315
319965.906, 100814.8255, 0.140222
319965.0739, 100817.965, 0.271128
319965.0556, 100818.4923, 0.271128
319965.7506, 100821.2446, 0.368897
319964.6655, 100823.4179, 0.411547
319966.857, 100827.7948, 0.5395
319966.1956, 100829.6541, 0.508988
319964.9642, 100831.5743, 0.2895
319965.4945, 100834.6223, 0.39908
319966.3907, 100839.7704, 0.411547
319965.205, 100840.7702, 0.560825
319965.5921, 100844.0681, 2.520795
319966.3267, 100847.5001, 0.859381
319967.2563, 100849.3564, 0.929591
319964.5009, 100854.7026, 0.889893
319965.0343, 100858.1316, 0.938777
319966.2626, 100859.5123, 1.008987
319966.2108, 100862.7402, 0.960103
319968.1189, 100737.9975, -0.329265
319967.936, 100738.284, -0.271194
319969.0455, 100741.3838, -0.048754
319967.7623, 100745.2731, 0.201246
319968.8931, 100745.1908, 0.201246
319968.8077, 100745.5504, 0.201246
319969.3747, 100749.4702, 0.210432
319968.253, 100750.8326, 0.140222
319968.6309, 100755.2797, 0.060826
319970.1458, 100755.6637, 0.060826
319969.8989, 100755.9899, 0.060826
319967.6464, 100757.965, -0.060893
319968.9022, 100760.1839, -0.109777
319969.8776, 100760.5009, -0.109777
319967.4758, 100762.4333, 0.030315
319967.4727, 100766.8042, -0.079265
319969.2162, 100770.9038, 0.118897
319968.5456, 100774.1621, -0.021523
319968.4176, 100776.9906, -0.039567
319968.5304, 100778.1733, -0.060893
319968.6919, 100778.5664, -0.060893
319969.3015, 100780.5964, -0.060893
319967.4758, 100784.5253, 0.188779
319967.5641, 100787.7287, 0.17992
319968.762, 100786.668, 0.17992
319967.5215, 100788.5578, 0.17992
319969.9203, 100791.679, 0.219291
319968.3871, 100794.9434, 0.131036
319969.9355, 100798.1895, 0.030315
319969.4539, 100799.4514, 0.008989
319970.161, 100798.5522, 0.008989
319969.5972, 100803.6851, 0.060826
319968.7529, 100805.8309, -0.149475
319967.9848, 100807.5804, -0.140289
319967.5001, 100810.9424, -0.021523
319969.4326, 100815.6332, 0.249802
319968.2743, 100816.7061, 0.298687
319969.6977, 100820.9093, 0.249802
319969.4539, 100824.1372, 0.368897
319970.0544, 100825.4052, 0.39908
319970.1092, 100830.6691, 0.420734
319967.7684, 100833.1105, 0.420734
319969.6673, 100837.0211, 0.71929
319967.5946, 100838.4293, 0.478476
319967.43, 100840.5355, 1.4998
319969.9538, 100845.8878, 0.731429
319968.3963, 100846.3023, 2.24947
319968.2012, 100851.6211, 0.990614
319968.1829, 100855.0623, 0.841337
319968.9327, 100858.2047, 0.780313
319969.0942, 100858.6955, 0.661547
319969.5911, 100862.0544, 0.850523
319970.8895, 100739.3721, -0.329265
319971.2888, 100741.2101, -0.210499
319972.4745, 100741.521, -0.210499
319972.6299, 100741.2528, -0.210499
319970.9871, 100746.855, 0.170734
319972.5293, 100748.6106, 0.170734
319972.7183, 100753.0455, 0.140222
319972.2154, 100756.1788, 0.048687
319971.2858, 100758.7331, -0.109777
319971.298, 100759.2238, -0.131102
319970.6762, 100762.2749, 0.048687
319970.7127, 100767.4473, 0.000131
319971.2065, 100768.444, -0.039567
319971.4168, 100773.4976, 0.118897
319971.8679, 100774.6863, 0.131036
319970.3866, 100777.8136, 0.140222
319971.9472, 100778.917, 0.140222
319970.4171, 100782.7544, -0.179987
319972.9378, 100785.1258, -0.170801
319973.2548, 100787.1222, -0.079265
319972.9073, 100789.5454, 0.109711
319972.9652, 100795.1263, -0.158333
319971.9655, 100796.4308, -0.100591
319972.7854, 100798.7839, -0.079265
319972.5263, 100798.8113, -0.079265
319972.9134, 100803.9594, -0.140289
319972.3312, 100804.7488, -0.131102
319970.4079, 100809.7902, 0.240944
319973.1146, 100812.5121, 0.219291
319971.3101, 100815.7948, 0.2895
319971.7552, 100817.4133, 0.350524
319970.667, 100817.3036, 0.350524
319971.682, 100819.9614, 0.368897
319970.7737, 100821.2355, 0.368897
319970.5573, 100823.4544, 0.35971
319972.8677, 100826.5725, 0.46929
319970.4841, 100825.9934, 0.46929
319970.6579, 100830.096, 0.341338
319972.8555, 100832.1138, 0.5395
319972.1057, 100835.3295, 0.71929
319970.7371, 100837.5606, 0.530313
319971.0541, 100842.1844, 0.490615
319972.4227, 100844.0681, 0.490615
319970.856, 100848.2042, 0.700917
319972.7153, 100851.2827, 0.618896
319972.8951, 100855.0074, 1.079197
319971.685, 100856.9368, 0.64908
319972.2276, 100858.5766, 0.64908
319971.8466, 100862.283, 0.780313
319973.7364, 100741.3808, -0.298753
319975.489, 100746.8093, 0.100524
319974.791, 100745.3676, 0.100524
319976.0528, 100747.2299, 0.118897
319974.2332, 100752.6706, 0.170734
319974.5197, 100755.996, 0.100524
319975.175, 100758.0869, -0.091404
319974.0229, 100760.1778, 0.060826
319974.1356, 100760.6289, 0.060826
319973.904, 100764.4267, 0.118897
319974.3917, 100765.2345, 0.131036
319973.395, 100769.84, 0.079199
319973.5626, 100773.7323, 0.188779
319974.1387, 100775.302, 0.158595
319975.1781, 100775.2411, 0.158595
319973.4316, 100779.3528, 0.131036
319974.5593, 100781.9497, 0.091338
319974.8306, 100785.016, -0.131102
319973.8187, 100788.8504, -0.140289
319974.8093, 100790.5573, -0.188845
319976.3455, 100793.2609, -0.219357
319973.4011, 100795.4859, -0.079265
319975.8486, 100799.9939, -0.140289
319975.3244, 100801.9568, -0.201312
319973.4986, 100804.2886, 0.100524
319976.0864, 100809.3909, 0.228477
319973.5139, 100811.9391, 0.310826
319975.684, 100815.0358, 0.188779
319976.1382, 100817.8735, 0.350524
319974.7087, 100819.1506, 0.350524
319974.0808, 100821.3696, 0.329198
319975.1903, 100821.4885, 0.329198
319974.3033, 100824.314, 0.320012
319976.2022, 100826.917, 0.350524
319974.9129, 100828.7458, 0.411547
319973.5108, 100831.8334, 0.438778
319975.4128, 100834.3053, 0.600523
319975.2634, 100839.6729, 0.521127
319974.6233, 100841.5443, 0.490615
319975.4006, 100845.5372, 0.438778
319973.7912, 100847.9513, 0.499802
319974.1875, 100850.0483, 0.600523
319976.3576, 100855.0348, 0.329198
319975.3609, 100857.1471, 0.451245
319974.9403, 100858.5309, 0.46929
319974.032, 100861.4478, 0.700917
319977.3604, 100743.6393, -0.298753
319979.0582, 100744.3861, -0.271194
319977.589, 100747.3731, 0.118897
319977.5433, 100750.8631, 0.140222
319979.1435, 100755.1791, 0.048687
319977.1318, 100758.9586, 0.021456
319979.238, 100759.3518, 0.039501
319976.4186, 100762.8875, 0.091338
319978.6284, 100766.5847, 0.100524
319978.1743, 100771.1385, 0.201246
319976.5619, 100770.6721, 0.201246
319977.1501, 100768.3008, 0.201246
319978.601, 100768.4227, 0.201246
319977.9182, 100773.4245, 0.118897
319976.4552, 100774.3114, 0.170734
319976.6472, 100774.6924, 0.170734
319976.9551, 100777.9477, 0.17992
319978.0127, 100778.0666, 0.17992
319977.6561, 100781.6419, 0.109711
319976.9581, 100785.1197, -0.060893
319976.5832, 100789.1644, 0.17992
319976.5649, 100791.4443, -0.091404
319977.4183, 100795.111, -0.140289
319978.6071, 100797.5007, -0.201312
319978.9759, 100799.5367, -0.140289
319977.5403, 100803.554, 0.109711
319979.0826, 100804.697, 0.140222
319978.7686, 100807.3549, 0.149409
319977.397, 100813.0028, 0.249802
319977.0861, 100813.1064, 0.249802
319976.9794, 100813.4448, 0.271128
319979.1252, 100816.2124, 0.17992
319977.1776, 100819.7602, 0.35971
319979.0948, 100823.1009, 0.298687
319979.1374, 100822.3632, 0.298687
319979.1892, 100827.1334, 0.341338
319978.8113, 100828.8189, 0.420734
319978.6863, 100834.0371, 0.46929
319978.8387, 100834.54, 0.381036
319978.3541, 100837.902, 0.39908
319978.1895, 100841.9802, 0.600523
319976.9337, 100845.9518, 0.39908
319977.4488, 100848.6889, 0.639893
319978.5126, 100850.4384, 0.310826
319977.0008, 100852.9226, 0.310826
319977.2995, 100857.3483, 0.411547
319976.4186, 100861.0242, 0.420734
319980.3292, 100745.5687, -0.341404
319982.1885, 100747.489, -0.149475
319980.6157, 100750.8631, 0.100524
319980.0945, 100755.237, 0.079199
319979.552, 100757.1877, 0.008989
319980.7407, 100761.6378, 0.060826
319982.2007, 100762.8296, 0.060826
319981.1095, 100766.603, 0.118897
319980.1951, 100769.4194, 0.091338
319981.9904, 100771.5408, 0.109711
319979.9634, 100776.2987, 0.170734
319981.207, 100778.4293, 0.158595
319979.7348, 100779.8436, 0.158595
319982.0909, 100777.6216, 0.158595
319980.317, 100781.4742, 0.149409
319979.7196, 100784.5344, -0.030381
319979.8171, 100788.9662, 0.210432
319981.7282, 100791.9198, 0.158595
319980.4328, 100792.9774, 0.030315
319979.7501, 100798.0767, -0.060893
319980.2408, 100799.1862, -0.359777
319982.2769, 100801.3503, 0.060826
319981.2832, 100805.2731, 0.158595
319980.1768, 100809.397, 0.158595
319981.9568, 100811.1374, 0.100524
319980.1555, 100815.0267, 0.219291
319980.442, 100816.9713, 0.219291
319981.8654, 100821.8359, 0.17992
319979.5123, 100822.668, 0.320012
319980.4511, 100826.3958, 0.2895
319979.3843, 100831.0196, 0.490615
319982.0117, 100833.2111, 0.35971
319981.5972, 100835.2258, 0.298687
319981.2771, 100837.2101, 0.438778
319981.8989, 100843.1415, 0.39908
319982.2403, 100843.7267, 0.35971
319981.9081, 100847.5916, 0.368897
319980.1646, 100851.426, 0.758988
319981.7099, 100853.5596, 0.39908
319982.1306, 100857.3178, 0.438778
319980.2713, 100859.1466, 0.661547
319982.7005, 100746.8763, -0.131102
319985.3096, 100748.1473, -0.249869
319985.081, 100751.7166, 0.039501
319984.9469, 100753.8745, 0.131036
319982.9627, 100757.1024, 0.118897
319983.045, 100759.4128, 0.131036
319983.0053, 100765.0333, 0.109711
319983.8862, 100767.3681, 0.060826
319983.938, 100769.8217, 0.109711
319983.8801, 100772.0986, 0.149409
319982.7828, 100775.6922, 0.17992
319983.5814, 100775.2045, 0.17992
319983.9898, 100780.1819, 0.188779
319983.2644, 100777.521, 0.188779
319984.3282, 100778.4293, 0.188779
319984.188, 100780.3861, 0.210432
319983.2035, 100784.9916, 0.140222
319985.1786, 100788.3932, 0.210432
319984.6482, 100786.4242, 0.210432
319985.3371, 100792.1758, 0.109711
319984.1148, 100792.2581, 0.131036
319985.27, 100796.3272, 0.210432
319982.542, 100799.8537, -0.060893
319983.3071, 100803.8679, -0.158333
319983.7186, 100804.9439, -0.170801
319985.1908, 100809.077, -0.039567
319983.7643, 100810.7564, -0.070079
319984.38, 100813.4844, 0.149409
319985.2273, 100818.0198, 0.298687
319985.2304, 100820.251, 0.170734
319982.4872, 100822.4181, 0.271128
319985.3584, 100827.8253, 0.478476
319984.889, 100827.8253, 0.478476
319985.2426, 100831.1933, 0.411547
319982.7615, 100833.1318, 0.478476
319983.7308, 100831.4676, 0.478476
319982.3775, 100834.6162, 0.429592
319984.9774, 100839.0206, 0.390222
319984.0417, 100842.5045, 0.478476
319984.3739, 100844.2418, 0.390222
319982.7524, 100847.3843, 0.530313
319983.6911, 100847.4819, 0.530313
319984.6299, 100847.5763, 0.530313
319984.572, 100847.9055, 0.530313
319984.9774, 100851.4229, 0.310826
319984.4318, 100854.8733, 0.249802
319984.4531, 100855.4036, 0.320012
319986.3429, 100748.4643, -0.298753
319986.9342, 100750.2352, -0.179987
319988.129, 100753.6642, 0.070013
319987.0653, 100756.3587, 0.170734
319987.2878, 100759.8944, 0.149409
319988.2113, 100759.7084, 0.149409
319987.745, 100763.2715, 0.118897
319986.6782, 100767.9746, 0.091338
319987.8547, 100768.8646, 0.039501
319988.3241, 100772.5527, 0.039501
319987.6139, 100776.3627, 0.131036
319987.4371, 100778.5695, 0.149409
319986.1783, 100780.4074, 0.140222
319985.4834, 100784.3668, 0.17992
319987.9401, 100786.4273, 0.158595
319986.7513, 100791.871, 0.070013
319985.5748, 100793.4712, 0.149409
319986.5654, 100792.2276, 0.149409
319987.3884, 100797.0617, 0.17992
319987.2055, 100798.4273, 0.188779
319988.0559, 100800.8443, 0.188779
319988.0071, 100803.8222, 0.060826
319987.9644, 100804.1026, 0.060826
319985.9558, 100806.9891, -0.158333
319987.3244, 100807.7816, -0.140289
319986.349, 100807.3853, -0.140289
319985.8065, 100811.3782, -0.140289
319988.2875, 100814.3988, 0.170734
319985.6358, 100816.9073, 0.310826
319986.1387, 100820.3546, 0.329198
319987.7084, 100823.4727, 0.368897
319985.6754, 100827.3985, 0.35971
319987.9309, 100829.0353, 0.420734
319986.0747, 100829.2456, 0.420734
319985.8735, 100833.1349, 0.411547
319985.8949, 100836.7956, 0.46929
319987.9705, 100838.7585, 0.368897
319988.1809, 100843.1232, 0.381036
319987.4097, 100843.7816, 0.490615
319986.349, 100846.3328, 0.460104
319985.6815, 100851.6546, 0.350524
319985.3797, 100853.6388, 0.320012
319985.5382, 100855.7023, 0.438778
319989.525, 100750.348, -0.28038
319991.3051, 100754.5878, 0.079199
319989.4732, 100754.0483, 0.079199
319991.3294, 100753.7983, 0.079199
319990.4425, 100753.4722, 0.079199
319990.287, 100758.282, 0.158595
319990.3937, 100760.2418, 0.158595
319989.5433, 100763.9116, 0.140222
319990.473, 100765.8745, 0.021456
319988.6746, 100770.6477, 0.100524
319988.4277, 100772.9032, 0.060826
319990.665, 100775.6495, 0.17992
319988.5771, 100779.2461, 0.170734
319988.4796, 100780.3069, 0.158595
319990.2352, 100784.8453, 0.228477
319991.1283, 100789.0912, 0.048687
319990.5674, 100790.9932, 0.039501
319989.0313, 100793.1664, 0.170734
319990.5553, 100792.9317, 0.170734
319990.4943, 100792.9713, 0.170734
319989.5159, 100797.7963, 0.249802
319988.4399, 100800.6096, 0.170734
319990.8021, 100804.1179, 0.149409
319991.0277, 100806.2911, 0.149409
319990.8631, 100809.6713, -0.188845
319988.4125, 100812.1311, -0.070079
319990.8601, 100814.222, 0.158595
319989.2842, 100813.2649, 0.158595
319989.7841, 100817.6236, 0.17992
319991.0704, 100820.4552, 0.228477
319990.2322, 100822.7321, 0.329198
319989.9944, 100823.2685, 0.329198
319991.3416, 100826.4323, 0.219291
319988.6503, 100830.8977, 0.249802
319988.632, 100831.2787, 0.390222
319989.2019, 100835.6373, 0.228477
319988.9337, 100837.393, 0.249802
319989.5525, 100843.044, 0.158595
319989.6805, 100844.4674, 0.210432
319990.5278, 100846.4821, 0.271128
319989.0617, 100849.8685, 0.39908
319988.763, 100849.8532, 0.39908
319988.7021, 100852.4044, 0.490615
319991.9299, 100751.2258, -0.289567
319992.2073, 100751.4514, -0.289567
319994.3134, 100753.5667, -0.131102
319992.3841, 100758.5167, 0.170734
319992.7163, 100760.062, 0.118897
319993.3655, 100765.0516, 0.039501
319993.1613, 100766.6, 0.039501
319991.4087, 100769.8522, 0.158595
319993.7038, 100772.1199, 0.118897
319992.0274, 100774.9424, 0.060826
319993.4661, 100778.6061, 0.158595
319993.0577, 100780.4288, 0.170734
319992.7102, 100784.5954, 0.158595
319992.698, 100784.8149, 0.158595
319992.7773, 100789.1887, 0.079199
319993.6673, 100787.8202, 0.079199
319993.14, 100788.2317, 0.079199
319992.826, 100789.777, 0.021456
319992.4785, 100795.1628, 0.048687
319994.3317, 100794.9739, 0.048687
319993.0699, 100795.1445, 0.048687
319994.1092, 100795.2604, 0.030315
319993.2284, 100795.2756, 0.030315
319993.7953, 100800.9571, 0.170734
319991.4971, 100802.7493, 0.170734
319994.158, 100806.282, -0.100591
319991.7927, 100809.7658, -0.201312
319992.0031, 100810.2779, -0.048754
319992.8504, 100813.5423, 0.100524
319994.347, 100816.8982, 0.228477
319993.2405, 100820.3698, 0.2895
319992.3536, 100823.2563, 0.240944
319991.5093, 100826.5847, 0.368897
319993.5972, 100828.7092, 0.210432
319991.4788, 100834.0249, 0.368897
319994.1763, 100836.128, 0.298687
319992.8687, 100839.6668, 0.219291
319992.6889, 100841.456, 0.249802
319991.9909, 100845.016, 0.249802
319991.4575, 100846.5766, 0.320012
319994.414, 100752.8565, -0.210499
319995.304, 100753.4814, -0.228543
319997.2487, 100756.3434, -0.021523
319994.8651, 100760.827, 0.131036
319995.7643, 100760.8514, 0.131036
319994.7066, 100762.6924, 0.091338
319995.2888, 100762.5644, 0.091338
319995.7155, 100766.4598, 0.100524
319995.6576, 100770.0503, 0.109711
319995.304, 100773.8542, 0.188779
319996.9652, 100776.3536, 0.140222
319996.8372, 100779.3223, 0.109711
319997.334, 100782.0107, 0.131036
319996.5751, 100784.9185, 0.17992
319996.6147, 100786.1804, 0.17992
319996.2733, 100786.9241, 0.039501
319994.5268, 100791.0663, 0.030315
319994.3805, 100795.175, 0.030315
319994.9688, 100796.9947, 0.008989
319996.0996, 100800.1524, 0.030315
319995.5723, 100802.9566, -0.060893
319994.4811, 100806.1692, -0.079265
319994.4262, 100806.5471, -0.079265
319995.81, 100809.269, -0.179987
319996.8707, 100811.1862, -0.271194
319997.0414, 100816.0417, 0.100524
319997.0963, 100816.9835, 0.140222
319994.5207, 100819.7907, 0.320012
319996.9987, 100823.0612, 0.341338
319995.0267, 100826.8316, 0.39908
319995.8161, 100830.5929, 0.390222
319995.109, 100832.9246, 0.521127
319994.3896, 100834.0828, 0.521127
319996.2245, 100835.0308, 0.5395
319995.5326, 100838.731, 0.368897
319994.8072, 100840.9012, 0.350524
319994.3988, 100843.2726, 0.368897
319999.6962, 100755.1943, -0.289567
319999.7663, 100756.4958, -0.118963
319999.6779, 100759.5042, 0.118897
319997.9406, 100764.8565, 0.109711
319999.8882, 100766.9292, 0.170734
319998.3429, 100769.6632, 0.170734
320000.1991, 100770.5837, 0.170734
319998.0412, 100774.1712, 0.201246
319998.0229, 100776.4694, 0.109711
319997.526, 100779.3223, 0.118897
319997.8796, 100782.1875, 0.149409
319999.1964, 100785.5098, 0.170734
320000.0224, 100788.1646, 0.030315
319999.9096, 100789.5728, 0.100524
319998.349, 100793.4285, 0.149409
319999.2969, 100796.5649, 0.158595
319997.3645, 100799.1527, 0.170734
319997.7242, 100804.0813, 0.091338
320000.129, 100805.1085, 0.140222
319998.9312, 100807.4097, 0.109711
319998.1235, 100811.6586, -0.158333
319998.474, 100813.4448, 0.131036
319998.5441, 100816.5172, 0.158595
319997.5809, 100821.1014, 0.381036
319997.9893, 100820.5588, 0.381036
320001.2355, 100756.0295, -0.188845
320002.0706, 100756.313, -0.240682
320001.2873, 100760.1992, 0.140222
320001.8603, 100765.0089, 0.131036
320001.8024, 100766.7493, 0.131036
320003.174, 100768.5111, 0.149409
320002.0828, 100773.9944, 0.118897
320001.0343, 100774.5979, 0.091338
320000.4277, 100778.0391, 0.201246
320001.0465, 100780.6482, 0.140222
320002.1377, 100784.2083, 0.140222
320002.4669, 100788.573, -0.039567
320002.9363, 100789.9507, 0.079199
320001.9548, 100794.2576, 0.188779
320000.952, 100798.092, 0.188779
320001.08, 100798.2931, 0.210432
320000.6106, 100803.746, 0.240944
320005.2314, 100758.0534, -0.228543
320005.46, 100759.4158, -0.109777
320005.3442, 100762.2749, 0.201246
320003.933, 100767.874, 0.170734
320003.9726, 100769.1146, 0.131036
320003.8994, 100769.3645, 0.131036
320005.9538, 100773.3574, 0.008989
320004.4298, 100774.8845, 0.070013
320004.7193, 100779.8679, 0.149409
320004.826, 100780.0904, 0.149409
320004.1219, 100780.9896, 0.109711
320004.1311, 100785.202, 0.158595
320003.6251, 100788.0915, 0.060826
